titre,cineaste,casting,date_sortie,duree_minutes,nationalites,synopsis,status,categories,thematiques,affiche_image,dossier_presse,affiche_photos,bande_annonce_fichier,bande_annonce_url,slug
Father Mother Sister Brother,Jim Jarmush,"Tom Waits, Adam Driver, Mayim Bialik, Charlotte Rampling, Cate Blanchett, Vicky Krieps, Sarah Greene, Indya Moore, Luka Sabbat, Françoise Lebrun",,,,,actuellement,distribution,,https://filmsdulosange.com/wp-content/uploads/sites/2/2025/08/mea-FAther-mother-sister-brother-2.jpg,,,,,father-mother-sister-brother.html
Resurrection,BI Gan,"Jackson Yee, Shu Qi, Mark Chao, Li Gengxi, Huang Jue, Chen Yongzhong, Guo Mucheng, Zhang Zhijian, Chloe, Yan Nan",,,,"Jackson Yee, Shu Qi, Mark Chao, Li Gengxi, Huang Jue, Chen Yongzhong, Guo Mucheng, Zhang Zhijian, ChloeMaayan, Yan Nan",actuellement,distribution,,https://filmsdulosange.com/wp-content/uploads/sites/2/2025/08/mea-Resurrection-vf-1.jpg,,,,,resurrection.html
"Six Jours, ce printemps-là",Joachim Lafosse,"Eye Haïdara, Jules Waringo, Leonis Pinero Müller, Teoudor Pinero Müller, Emmanuelle Devos, Damien Bonnard",,,,,actuellement,distribution,,https://filmsdulosange.com/wp-content/uploads/sites/2/2025/08/mea-6-jours-vf-1.jpg,,,,,six-jours-ce-printemps-la.html
Le Cri des Gardes,Claire Denis,"Isaach De Bankolé, Matt Dillon, Mia Mc, Tom Blyth",,,,"Isaach De Bankolé, Matt Dillon, Mia McKenna-Bruce, Tom Blyth",prochainement,distribution,,https://filmsdulosange.com/wp-content/uploads/sites/2/2025/08/Le-cri-des-gardes-Grande-1030x686.jpeg,,,,,le-cri-des-gardes.html
Victor comme tout le monde,Pascal Bonitzer,"Fabrice Luchini, Chiara Mastroianni, Marie Narbonne, Suzanne, Louise Orry Diquero, Iris Bry, Naidra Ayadi, Sarah Touffic Othman Schmitt, Agnes Sourdillon, Yannick Choirat, David Ayala",,,,"Fabrice Luchini, Chiara Mastroianni, Marie Narbonne, Suzanne de Baecque, Louise Orry Diquero, Iris Bry, Naidra Ayadi, Sarah Touffic Othman Schmitt, Agnes Sourdillon, Yannick Choirat, David Ayala",catalogue,distribution,,https://filmsdulosange.com/wp-content/uploads/sites/2/2025/08/mea-Victor.jpg,,,,,victor-comme-tout-le-monde.html
Raymond Depardon Cinéaste,,,,,,,actuellement,distribution,,https://filmsdulosange.com/wp-content/uploads/sites/2/2025/08/mea-retro-Depardon.jpg,,,,,raymond-depardon-cineaste.html
The Chronology of Water,Kristen Stewart,"Imogen Poots, Thora Birch, Jim Belushi, Charles Carrick, Tom Sturridge, Susanna Flood, Esme Creed Miles, Kim Gordon, Michael Epp",,,,"Imogen Poots, Thora Birch, Jim Belushi, Charles Carrick, Tom Sturridge, Susanna Flood, Esme Creed Miles, Kim Gordon, Michael Epp",catalogue,distribution,,https://filmsdulosange.com/wp-content/uploads/sites/2/2025/08/mea-chronology-vf.jpg,,,,,the-chronology-of-water.html
Oui,Nadav Lapid,"Ariel Bronz, Efrat Dor, Naama Preis, Alexey Serebryakov",,,,,catalogue,distribution,,https://filmsdulosange.com/wp-content/uploads/sites/2/2025/08/OUI-affiche-OK-2-Large-773x1030.jpeg,,,,,oui.html
Miroirs Nº3,Christian Petzold,"Paula Beer, Barbara Auer, Matthias Brandt, Enno Trebs, Philip Froissant",,,,,catalogue,distribution,,https://filmsdulosange.com/wp-content/uploads/sites/2/2025/08/mea-miroirs-n3.jpeg,,,,,miroirs-n3.html
Lettres Siciliennes,Fabio Grassadonia,"Toni Servillo, Elio Germano, Daniela Marra, Barbora Bobulova, Giuseppe Tantillo, Fausto Russo Alesi, Antonia Truppo",,,,,catalogue,distribution,,https://filmsdulosange.com/wp-content/uploads/sites/2/2025/08/mea-lettres-siciliennes-vf.jpeg,,,,,lettres-siciliennes.html
La Cache,Lionel Baier,"Dominique Reymond, Michel Blanc, William Lebghil, Aurélien Gabrielli, Liliane Rovere, Ethan Chimienti, Adrien Barazzone, Larisa Faber, Gilles Privat",,,,,catalogue,distribution,,https://filmsdulosange.com/wp-content/uploads/sites/2/2025/08/mea-La-cache.jpeg,,,,,la-cache.html
Les Damnés,Roberto Minervini,"Jeremiah Knupp, René, Cuyler Ballenger, Noah Carlson, Judah Carlson, Tim Carlson",,,,"Jeremiah Knupp, René W. Solomon, Cuyler Ballenger, Noah Carlson, Judah Carlson, Tim Carlson",catalogue,distribution,,https://filmsdulosange.com/wp-content/uploads/sites/2/2024/04/mea-damnes-vf.jpg,,,,,les-damnes.html
Spectateurs !,Arnaud Desplechin,"Louis Birman, Dominique Païni, Clément Hervieu-Léger, Françoise Lebrun, Sandra Laugier, Olga Milshtein, Milo Machado-Graner, Sam Chemoul, Marilou Poujardieu, Salomé Rose Stein, Micha Lescot, Soshana Felman, Kent Jones, Salif Cissé, Mathieu Amalric",,,,"Louis Birman, Dominique Païni, Clément Hervieu-Léger de la Comédie Française, Françoise Lebrun, Sandra Laugier, Olga Milshtein, Milo Machado-Graner, Sam Chemoul, Marilou Poujardieu, Salomé Rose Stein, Micha Lescot, Soshana Felman, Kent Jones, Salif Cissé, Mathieu Amalric",catalogue,distribution,,https://filmsdulosange.com/wp-content/uploads/sites/2/2024/04/mea-spectateurs-vf-1.jpg,,,,,spectateurs.html
Mon inséparable,Anne-Sophie Bailly,"Laure Calamy, Charles Peccia Galletto, Julie Froger, Geert, Rébecca Finet, Aissatou Diallo Sagna, Pasquale, Jean",,,,"Laure Calamy, Charles Peccia Galletto, Julie Froger, Geert van Rampelberg, Rébecca Finet, Aissatou Diallo Sagna, Pasquale D’inca, Jean de Pange",catalogue,distribution,,https://filmsdulosange.com/wp-content/uploads/sites/2/2025/08/mea-inseparable-vf.jpeg,,,,,mon-inseparable.html
Miséricorde,Alain Guiraudie,"Félix, Catherine, Jacques, Jean-Baptiste, David",,,,"Félix KYSYL, Catherine FROT,  Jacques DEVELAY,  Jean-Baptiste DURAND, David AYALA",catalogue,distribution,,https://filmsdulosange.com/wp-content/uploads/sites/2/2024/04/mea-misericorde-vf.jpg,,,,,misericorde.html
Dahomey,Mati Diop,,,,,"Les intervenants de l’Université d’Abomey-Calavi : IMELDA BATAMOUSSI, DIANE CAKPO, CHAMELIE DOGNON, MORIAS AGBESSI, GILBERT GODOVO, GILDAS ADANNOU, JOSEA GUEDJE, GAËL DAAVO, ROSE OUEMEHO, HABIB AHANDESSI, MARYLINE AGBOSSI, DIDIER SEDOHA NASSANGADE, RAÏMI BASSITOU NOUATIN, JOËL TCHOGBE, EDAH GONTRAN, DONALD GBOSSA, YVON KOSSOU-YOVO, DONALD GBOSSA, EDAH GONTRAN, MESSI BOCO, ODILON GBENONTIN, KEVIN DA-SILVA, DOWOTI DESIR, MICHELINE AYINON, BICAREL GNIKPO, NADIA VIHOUTOU KPONADOU L’équipe des conservateurs et régisseurs de l’exposition : CALIXTE BIAH, ABDOULAYE IMOROU, PAUL TIMOTHEE DOTO, JULES BOCCO, RICHARD J. V. SOGAN, DIDIER DONATIEN ALIHONOU et le commissaire de l’exposition ALAIN GODONOU et Les étudiants de l’INMAAC (promotions 2019 – 2020)",catalogue,distribution,,https://filmsdulosange.com/wp-content/uploads/sites/2/2025/08/mea-Dahomey-vf.jpg,,,,,dahomey.html
L’Amour fou,Jacques Rivette,"Bulle Ogier, Jean-Pierre Kalfon, Josée Destoop, Michèle Moretti, Celia, Françoise Godde, Maddly Bamy, Liliane Bordoni, Yves Beneyton, Dennis Berry, Michel Delahaye, André, Didier Léon, Claude-Eric Richard Et, Patrice Wyers",,,,"Bulle Ogier, Jean-Pierre Kalfon, Josée Destoop, Michèle Moretti, Celia, Françoise Godde, Maddly Bamy, Liliane Bordoni, Yves Beneyton, Dennis Berry, Michel Delahaye, André S. Labarthe, Didier Léon, Claude-Eric Richard 
Et aussi Etienne Becker, Patrice Wyers",catalogue,distribution,,https://filmsdulosange.com/wp-content/uploads/sites/2/2023/04/LAmour-fou-Affiche-1-758x1030.jpg,,,,,lamour-fou.html
La Prisonnière de Bordeaux,Patricia Mazuy,"Isabelle Huppert, Hafsia Herzi",,,,,catalogue,distribution,,https://filmsdulosange.com/wp-content/uploads/sites/2/2024/04/mea-prisonniere-va-1.jpg,,,,,la-prisonniere-de-bordeaux.html
Sons,Gustav Möller,"Sidse Babett Knudsen, Sebastian Bull, Dar Salim, Marina Bouras, Olaf Johannessen",,,,,catalogue,distribution,,https://filmsdulosange.com/wp-content/uploads/sites/2/2023/06/mea-Sons.jpg,,,,,sons.html
C’est pas moi,Leos Carax,"Denis Lavant, Kateryna Yuspina, Nastya Golubeva Carax, Loreta Juodkaite, Anna-Isabel Siefken, Petr Anevskii, Bianca Maddaluno",,41,,,catalogue,distribution,,https://filmsdulosange.com/wp-content/uploads/sites/2/2024/04/mea-Cest-pas-moi-vf.jpg,,,,,cest-pas-moi.html
Averroès & Rosa Parks,Nicolas Philibert,Charenton,,,,"Les patients et soignants des unités intra-hospitalières Averroès et Rosa Parks, hôpital Esquirol, Charenton-le-Pont",catalogue,distribution,,https://filmsdulosange.com/wp-content/uploads/sites/2/2023/06/120x160-Averroes-Rosa-Parks-1-758x1030.jpg,,,,,averroes-rosa-parks.html
Ange,Tony Gatlif,"Arthur, Suzanne Aubert, Maria, Mathieu Amalric, Christine Citti",,,,"Arthur H, Suzanne Aubert, Maria de Medeiros, Mathieu Amalric, Christine Citti",catalogue,distribution,,https://filmsdulosange.com/wp-content/uploads/sites/2/2025/08/mea-Ange-vf.jpeg,,,,,ange.html
La Machine à écrire et autres sources de tracas,Nicolas Philibert,,,,,,catalogue,distribution,,https://filmsdulosange.com/wp-content/uploads/sites/2/2023/06/mea-La-machine.jpg,,,,,la-machine-a-ecrire-et-autres-sources-de-tracas.html
Il n’y a pas d’ombre dans le désert,Yossi Aviram,"Valeria Bruni Tedeschi, Yona Rozenkier, Germaine Unikovsky, Roni Alter, Merav Shirom, Yoel Rozenkier, Zohar Wexler, Cordelia Lange, Shiraz Tsarfati, Edme Bismuth, Aviv Telem",,,,"Valeria Bruni Tedeschi, Yona Rozenkier, Germaine Unikovsky, ​Jackie Berroyer, Roni Alter, Merav Shirom, Yoel Rozenkier, ​Fantine Gelu, ​Alma Aviram, ​Itay Ben Ami, ​Menahem Lang, Zohar Wexler, ​Margeaux Lampley, ​Mai Weisz, Cordelia Lange, Shiraz Tsarfati, Edme Bismuth, ​Alona Nahmias, Aviv Telem, ​Uri Falk et Alexander Aviram dans le rôle de l’accusé",catalogue,distribution,,https://filmsdulosange.com/wp-content/uploads/sites/2/2023/06/mea-ombre.jpg,,,,,il-ny-a-pas-dombre-dans-le-desert.html
Un Silence,Joachim Lafosse,"Daniel Auteuil, Emmanuelle Devos, Matthieu Galoux, Jeanne Cherhal, Louise Chevillotte",,20,,,catalogue,distribution,,https://filmsdulosange.com/wp-content/uploads/sites/2/2023/02/mea-un-silence.jpg,,,,,un-silence.html
Ricardo et la peinture,Barbet Schroeder,,,107,,,catalogue,distribution,,https://filmsdulosange.com/wp-content/uploads/sites/2/2023/02/mea-ricardo-1.jpg,,,,,ricardo-et-la-peinture.html
Anselm – Le Bruit du temps,Wim Wenders,"Anselm Kiefer, Daniel Kiefer, Anton Wenders",,,,"Anselm Kiefer, Daniel Kiefer (le jeune homme), Anton Wenders (le garçon)",catalogue,distribution,,https://filmsdulosange.com/wp-content/uploads/sites/2/2023/04/mea-Anselm.jpg,,,,,anselm-le-bruit-du-temps.html
Rétrospective Wim Wenders,Wim Wenders,,,,,,catalogue,distribution,,https://filmsdulosange.com/wp-content/uploads/sites/2/2023/06/mea-retro-WW.jpg,,,,,retrospective-wim-wenders.html
Le ciel rouge,Christian Petzold,"Thomas Schubert, Paula Beer, Langston Uibel, Enno Trebs, Matthias Brandt",,,,,catalogue,distribution,,https://filmsdulosange.com/wp-content/uploads/sites/2/2023/06/mea-ciel-rouge.jpg,,,,,le-ciel-rouge.html
La Bête dans la jungle,Patric Chiha,"Anaïs Demoustier, Tom Mercier, Béatrice Dalle",,,,,catalogue,distribution,,https://filmsdulosange.com/wp-content/uploads/sites/2/2023/06/mea-jungle.jpg,,,,,la-bete-dans-la-jungle.html
Rétrospective Lars von Trier,Lars Von Trier,,,,,,catalogue,distribution,,https://filmsdulosange.com/wp-content/uploads/sites/2/2023/06/mea-LVT-retro-1.jpg,,,,,retrospective-lars-von-trier.html
Rétrospective Jean Eustache,Jean Eustache,,,,,,catalogue,distribution,,https://filmsdulosange.com/wp-content/uploads/sites/2/2023/05/mea-retro-eustache.jpg,,,,,retrospective-jean-eustache.html
War Pony,Gina Gammell et Riley Keough,"Jojo Bapteise Whiting, Ladainian Crazy Thunder, Jesse Schmockel, Wilma Colhoff, Iona Red Bear, Woodrow Lone Elk, Ta-Yamni Long Black, Jeremy Corbin Cottier",,,,"Jojo Bapteise Whiting, Ladainian Crazy Thunder, Jesse Schmockel, Wilma Colhoff, Iona Red Bear, Woodrow Lone Elk, Ta-Yamni Long Black Cat, Jeremy Corbin Cottier",catalogue,distribution,,https://filmsdulosange.com/wp-content/uploads/sites/2/2022/04/mea-war-pony.jpg,,,,,war-pony.html
Sur l’Adamant,Nicolas Philibert,,,,,Les patients et l’équipe soignante du centre de jour Adamant,catalogue,distribution,,https://filmsdulosange.com/wp-content/uploads/sites/2/2022/04/mea-adamant.jpg,,,,,sur-ladamant.html
El Agua,Elena LÓPEZ RIERA,"Luna, Bárbara, Nieve, Alberto, Irene, Nayara, Lidia María, Pascual",,104,,"Luna PAMIES, Bárbara LENNIE, Nieve DE MEDINA, Alberto OLMO, Irene PELLICER, Nayara GARCIA, Lidia María CANOVAS, Pascual VALERO",catalogue,distribution,,https://filmsdulosange.com/wp-content/uploads/sites/2/2022/04/mea-el-agua.jpg,,,,,el-agua.html
Titina,Kajsa Næss,,,,,,catalogue,distribution,,https://filmsdulosange.com/wp-content/uploads/sites/2/2022/04/mea-Titina-1.jpg,,,,,titina.html
Retour à Séoul,Davy Chou,"Guka, Yoann, Emeline, Louis-Do",,119,,"PARK Ji-Min, OH Kwang-Rok, Guka HAN, KIM Sun-Young, Yoann ZIMMER, HUR Ouk-Sook, Emeline BRIFFAUD, LIM Cheol-Hyun, SON Seung-Beom, Louis-Do de LENCQUESAING",catalogue,distribution,,https://filmsdulosange.com/wp-content/uploads/sites/2/2022/04/mea-RES.jpg,,,,,retour-a-seoul.html
De humani corporis fabrica,Verena PARAVEL et Lucien CASTAING-TAYLOR,,,115,,,catalogue,distribution,,https://filmsdulosange.com/wp-content/uploads/sites/2/2022/04/mea-humani.jpg,,,,,de-humani-corporis-fabrica.html
Par Coeurs,Benoit JACQUOT,"Isabelle Huppert, Fabrice Luchini",,,,,catalogue,distribution,,https://filmsdulosange.com/wp-content/uploads/sites/2/2022/04/mea-par-coeurs.jpg,,,,,par-coeurs.html
Saint Omer,Alice DIOP,"Kayije, Guslagie, Valérie, Aurélia, Xavier, Robert, Salimata, Thomas",,122,,"Kayije KAGAME, Guslagie MALANDA, Valérie DRÉVILLE, Aurélia PETIT, Xavier MALY, Robert CANTARELLA, Salimata KAMATE, Thomas DE POURQUERY",catalogue,distribution,,https://filmsdulosange.com/wp-content/uploads/sites/2/2022/04/mea-st-omer.jpg,,,,,saint-omer.html
Pacifiction – Tourment sur les îles,Play Pacifiction,"Benoît, Pahoa, Matahi, Marc, Sergi, Montse, Michael, Cécile, Alexandre, Mike, Lluis, Mareva, Cyrus, Baptiste, Laurent",,163,,"Benoît MAGIMEL, Pahoa MAHAGAFANAU, Matahi PAMBRUN, Marc SUSINI, Sergi LOPEZ, Montse TRIOLA, Michael VAUTOR, Cécile GUILBERT, Alexandre MELLO, Mike LANDSCAPE, Lluis SERRAT, Mareva WONG, Cyrus ARAI, Baptiste PINTEAUX, Laurent BRISSONNAUD",catalogue,distribution,,https://filmsdulosange.com/wp-content/uploads/sites/2/2022/04/mea-pacifiction-1.jpg,,,,,pacifiction-tourment-sur-les-iles.html
Un beau matin,Mia HANSEN-LØVE,"Léa, Pascal, Melvil, Nicole, Camille",,113,,"Léa SEYDOUX, Pascal GREGGORY, Melvil POUPAUD, Nicole GARCIA, Camille LEBAN MARTINS",catalogue,distribution,,https://filmsdulosange.com/wp-content/uploads/sites/2/2022/09/mea-UBM.jpg,,,,,un-beau-matin.html
Rodeo,Lola Quivoron,"Julie, Yanis, Antonia, Louis, Junior, Ahmed, Dave, Cody, Sébastien, Mohamed, Chris, Mustapha, Gianni, Quentin, Brice",,20,,"Julie LEDRU, Yanis LAFKI, Antonia BURESI, Louis SOTTON, Junior CORREIA, Ahmed HAMDI, Dave NSAMAN OKEBWAN, Cody SCHROEDER, Sébastien SCHROEDER, Mohamed BETTAHAR, Chris MAKODI, Mustapha DIANKA, Gianni CAIRA, Quentin ARIZZI, Brice STRAEHLI",catalogue,distribution,,https://filmsdulosange.com/wp-content/uploads/sites/2/2022/04/mea-rodeo-1.jpg,,,,,rodeo.html
La Dérive des continents,Lionel Baier,"Isabelle Carré, Théodore Pellerin, Ursina Lardi, Tom Villa, Ivan Georgiev, Adama Diop, Elisabeth Owona, Indri Shiroka, David Coco, Mario Opinato, Massimo Cagnina, Sebastiano Tinè, Nicolò Prestigiacomo, Maria Isabella Piana, Rosalinda Musumeci, Maria Antonietta Scornavacca, Nicolas Roussi",,,,"Isabelle Carré, Théodore Pellerin, Ursina Lardi, Tom Villa, Ivan Georgiev, Adama Diop, Elisabeth Owona, Indri Shiroka,  David Coco, Mario Opinato, Massimo Cagnina, Sebastiano Tinè, Nicolò Prestigiacomo, Maria Isabella Piana,  Rosalinda Musumeci, Maria Antonietta Scornavacca, Nicolas Roussi",catalogue,distribution,,https://filmsdulosange.com/wp-content/uploads/sites/2/2022/04/mea-derive-1.jpg,,,,,la-derive-des-continents.html
La maman et la putain,Jean Eustache,"Jean-Pierre Léaud, Bernadette Lafont, Françoise Lebrun, Isabelle Weingarten, Jacques Renard, Jean-Noël Picq, Jean-Claude Biette, Pierre Cottrell, Jean Douchet",,,,,catalogue,distribution,,https://filmsdulosange.com/wp-content/uploads/sites/2/2022/04/mea-vf-maman.jpg,,,,,la-maman-et-la-putain.html
Il Buco,Michelangelo Frammartino,"Paolo Cossi, Jacopo Elia, Denise Trombin, Nicola Lanza",,,,,catalogue,distribution,,https://filmsdulosange.com/wp-content/uploads/sites/2/2022/01/mea-WB.jpg,,,,,il-buco.html
Viens je t’emmène,Alain Guiraudie,"Jean-Charles Clichet, Noémie Lvovsky, Iliès Kadri, Renaud Rutten, Doria Tillier, Michel Masiero, Philippe Fretun, Farida Rahouadj, Miveck Packa, Yves-Robert Viala, Patrick Ligardes",,,,,catalogue,distribution,,https://filmsdulosange.com/wp-content/uploads/sites/2/2021/05/mea-site.jpg,,,,,viens-je-temmene.html
L’HORIZON,Emilie Carpentier,"Tracy Gotoas, Sylvain Le Gall, Clémence Boisnard, Dembélé, Slimane Dazi",,,,"Tracy Gotoas, Sylvain Le Gall, NIIA, Clémence Boisnard,Dembélé, Slimane Dazi",catalogue,distribution,,https://filmsdulosange.com/wp-content/uploads/sites/2/2021/05/LHORIZON_Doc120.jpg,,,,,lhorizon.html
White Building,Kavich Neang,"Piseth Chhun, Sithan Hout, Sokha Uk, Chinnaro Soem, Sovann Tho, Jany Min, Chandalin",,,,"Piseth Chhun, Sithan Hout, Sokha Uk, Chinnaro Soem, Sovann Tho, Jany Min, Chandalin Y",catalogue,distribution,,https://filmsdulosange.com/wp-content/uploads/sites/2/2021/05/mea-WB-1.jpg,,,,,white-building.html
Marcher sur l’eau,Aïssa Maïga,,,,,,catalogue,distribution,,https://filmsdulosange.com/wp-content/uploads/sites/2/2021/05/Marchersurleau_mea-1.jpg,,,,,marcher-sur-leau.html
Les Intranquilles,Joachim Lafosse,"Leïla Bekhti, Damien Bonnard, Gabriel Merz Chammah",,,,,catalogue,distribution,,https://filmsdulosange.com/wp-content/uploads/sites/2/2021/05/588x799.jpg,,,,,les-intranquilles.html
Tom Medina,Tony Gatlif,"David Murgia, Slimane Dazi, Karoline Rose Sun, Suzanne Aubert",,,,,catalogue,distribution,,https://filmsdulosange.com/wp-content/uploads/sites/2/2021/05/TOMMEDINA_MEA.jpg,,,,,tom-medina.html
UNE HISTOIRE A SOI,Amandine Gay,"Joohee Bourgain, Mathieu Anette, Anne-Charlotte, Niyongira Bugingo, Céline Chandralatha Grimaud",,,,"Joohee Bourgain, Mathieu Anette, Anne-Charlotte, Niyongira Bugingo/Nicolas Guieu, Céline Chandralatha Grimaud",catalogue,distribution,,https://filmsdulosange.com/wp-content/uploads/sites/2/2021/01/UHAS_AFFICHE-120-40x60.jpg,,,,,une-histoire-a-soi.html
Bergman Island,Mia Hansen-Løve,"Vicky Krieps, Tim Roth, Mia Wasikowska, Anders Danielsen Lie",,,,,catalogue,distribution,,https://filmsdulosange.com/wp-content/uploads/sites/2/2021/05/Bergmanisland_mea-1.jpg,,,,,bergman-island.html
OSKAR & LILY,,,,,,"LEOPOLD PALLUA, ROSA ZANT,
CHRISTINE OSTERMAYER",catalogue,distribution,,https://filmsdulosange.com/wp-content/uploads/sites/2/2020/01/mea-Oskar-Lily.jpg,,,,,oskar-lily.html
Ondine,Christian Petzold,"Paula Beer, Franz Rogowski, Maryam Zaree, Jacob Matschenz, Anne Ratte-Polle, Rafael Stachowiak, Julia Franz Richter, Gloria Endres, José Barros, Enno Trebs",,,,"Paula Beer, Franz Rogowski, Maryam Zaree, Jacob Matschenz, Anne Ratte-Polle, Rafael Stachowiak, Julia Franz Richter, Gloria Endres de Oliveira, José Barros, Enno Trebs",catalogue,distribution,,https://filmsdulosange.com/wp-content/uploads/sites/2/2020/02/mea-Ondine.jpg,,,,,ondine.html
LE VENERABLE W.,Barbet Schroeder,,,,,,catalogue,production,,https://filmsdulosange.com/wp-content/uploads/sites/2/2017/06/poster-0-le-venerable-w.jpg,,,,,le-venerable-w.html
HAPPY END,Michael Haneke,"Isabelle Huppert, Jean-Louis Trintignant, Mathieu Kassovitz, Fantine Harduin, Franz Rogowski, Laura Verlinden",,,,"Isabelle Huppert, Jean-Louis Trintignant, Mathieu Kassovitz, Fantine Harduin, Franz Rogowski, Laura Verlinden et Toby Jones",catalogue,production,,https://filmsdulosange.com/wp-content/uploads/sites/2/2017/05/poster-0-happy-end.jpg,,,,,happy-end.html
UNE ENFANCE,Philippe Claudel,"Alexi Mathieu, Angélica Sarre, Pierre Deladonchamps, Jules Gauzelin, Patrick",,,,"Alexi Mathieu, Angélica Sarre, Pierre Deladonchamps, Jules Gauzelin, Patrick d’Assumçao",catalogue,production,,https://filmsdulosange.com/wp-content/uploads/sites/2/2015/09/poster-0-une-enfance.jpg,,,,,une-enfance.html
AMNESIA,Barbet Schroeder,"Marthe, Max, Bruno, Corinna",,,,"Marthe KELLER, Max RIEMELT, Bruno GANZ, Corinna KIRCHHOFF",catalogue,production,,https://filmsdulosange.com/wp-content/uploads/sites/2/2015/09/poster-0-amnesia.jpg,,,,,amnesia.html
LES JOURS VENUS,Romain Goupil,"Romain Goupil, Valéria Bruni Tedeschi, Marina Hands, Noémie Lvovsky, Jackie Berroyer",,20,,,catalogue,production,,https://filmsdulosange.com/wp-content/uploads/sites/2/2015/09/poster-0-les-jours-venus.jpg,,,,,les-jours-venus.html
Rétrospective Eric Rohmer,Eric Rohmer,,,,,,catalogue,production,,https://filmsdulosange.com/wp-content/uploads/sites/2/2013/12/poster-0-retrospective-eric-rohmer.jpg,,,,,retrospective-eric-rohmer.html
HEIMAT – 1. Chronique d’un rêve / 2. L’exode,Edgar Reitz,"Jan Dieter Schneider, Antonia Bill, Maximilian Scheidt, Marita Breuer, Rüdiger Kriese, Philine Lembeck, Mélanie Fouché, Eva Zeidler, Reinhard Paulus",,20,,,catalogue,production,,https://filmsdulosange.com/wp-content/uploads/sites/2/2013/08/poster-0-heimat-1-chronique-dun-reve-2-lexode.jpg,,,,,heimat-1-chronique-dun-reve-2-lexode.html
Amour,Michael Haneke,"Jean-Louis Trintignant, Emmanuelle Riva, Isabelle Huppert, Alexandre Tharaud",,,,,catalogue,production,,https://filmsdulosange.com/wp-content/uploads/sites/2/2015/09/poster-0-amour.jpg,,,,,amour.html
De Bon Matin,Jean-Marc Moutout,"Jean-Pierre Darroussin, Valérie Dréville, Laurent Delbecque, Yannick Renier, Xavier Beauvois",,20,,,catalogue,production,,https://filmsdulosange.com/wp-content/uploads/sites/2/2015/09/poster-0-de-bon-matin.jpg,,,,,de-bon-matin.html
Les mains en l’air,Romain Goupil,"Linda Doudaeva, Jules Ritmanic, Valeria Bruni-Tedeschi, Romain Goupil, Hélène Babu, Hippolyte Girardot",,,,,catalogue,production,,https://filmsdulosange.com/wp-content/uploads/sites/2/2019/02/poster-0-les-mains-en-lair.jpg,,,,,les-mains-en-lair.html
Le Ruban Blanc,Michael Haneke,"Christian, Leonie, Ulrich, Ursina, Michael, Burghart",,,,"Christian FRIEDEL, Leonie BENESCH, Ulrich TUKUR, Ursina LARDI, Michael KRANZ, Burghart KLAUSSNER",catalogue,production,,https://filmsdulosange.com/wp-content/uploads/sites/2/2019/02/poster-0-le-ruban-blanc.jpg,,,,,le-ruban-blanc.html
Pour Un Instant La Liberté,,"Navid Akhavan, Fares Fares, Behi Djanati Ataï, Pourya Mahyari, Payam Madjlessi",,,,,catalogue,production,,https://filmsdulosange.com/wp-content/uploads/sites/2/2010/03/poster-0-pour-un-instant-la-liberte.jpg,,,,,pour-un-instant-la-liberte.html
La Fabrique Des Sentiments,Jean-Marc Moutout,"Elsa Zylberstein, Jacques Bonnaffé, Bruno Putzulu, Hiam Abbass, Anne-Katerine Normant, Jean Segani",,7,,,catalogue,production,,https://filmsdulosange.com/wp-content/uploads/sites/2/2015/09/poster-0-la-fabrique-des-sentiments.jpg,,,,,la-fabrique-des-sentiments.html
Bled Number One,Rabah Ameur-Zaïmeche,"Rabah Ameur-Zaïmeche, Meriem Serbah, Abel Jafri, Farida Ouchani, Ramzy Bedia, Sakina Dammene-Debbih",,,,,catalogue,production,,https://filmsdulosange.com/wp-content/uploads/sites/2/2006/06/poster-0-bled-number-one.jpg,,,,,bled-number-one.html
Caché,Michael Haneke,"Daniel Auteuil, Juliette Binoche, Maurice Benichou, Annie Girardot, Bernard Le Coq, Walid Afkir",,,,"Daniel Auteuil, Juliette Binoche, Maurice Benichou, Annie Girardot, Bernard Le Coq, Walid Afkir",catalogue,production,,https://filmsdulosange.com/wp-content/uploads/sites/2/2015/09/poster-0-cache.jpg,,,,,cache.html
Ne Quittez Pas,Arthur Joffé,"Sergio Castellitto, Michel Serrault, Isabelle Gélinas, Rachida Brakni, Dominique Pinon, Laszlo Szabo",,,,,catalogue,production,,https://filmsdulosange.com/wp-content/uploads/sites/2/2006/06/poster-0-ne-quittez-pas.jpg,,,,,ne-quittez-pas.html
Le Temps Du Loup,Michael Haneke,"Isabelle Huppert, Maurice Benichou, Patrice Chéreau, Béatrice Dalle, Lucas Biscombe, Daniel Duval",,,,,catalogue,production,,https://filmsdulosange.com/wp-content/uploads/sites/2/2006/06/poster-0-le-temps-du-loup.jpg,,,,,le-temps-du-loup.html
Raja,Jacques Doillon,"Pascal Greggory, Najat Benssallem, Ilham Abdelwahad, Hassan Khissal, Fatiha Khoulaki, Ahmed Akensouss",,,,,catalogue,production,,https://filmsdulosange.com/wp-content/uploads/sites/2/2006/06/poster-0-raja.jpg,,,,,raja.html
Une Pure Coincidence,Romain Goupil,"Romain Goupil, Alain Cyroulnik, Olivier Martin, Tonie Marshall",,,,"Romain Goupil, Alain Cyroulnik, Olivier Martin, Tonie Marshall,",catalogue,production,,https://filmsdulosange.com/wp-content/uploads/sites/2/2006/06/poster-0-une-pure-coincidence.jpg,,,,,une-pure-coincidence.html
La Saison Des Hommes,Moufida Tlatli,"Rabiaa Ben Abdallah, Sabah Bouzouita, Ghalia Ben Ali, Hend Sabri, Ezzedine Gennoun, Mouna Noureddine",,,,,catalogue,production,,https://filmsdulosange.com/wp-content/uploads/sites/2/2006/06/poster-0-la-saison-des-hommes.jpg,,,,,la-saison-des-hommes.html
La Vierge Des Tueurs,Barbet Schroeder,"German Jaramillo, Anderson Ballesteros, Juan David Restrepo, Manuel Busquets",,,,,catalogue,production,,https://filmsdulosange.com/wp-content/uploads/sites/2/2006/06/poster-0-la-vierge-des-tueurs.jpg,,,,,la-vierge-des-tueurs.html
Pan Tadeusz,Andrzej Wajda,"Boguslaw Linda, Daniel Olbrychski, Grazyna Szapolowska, Andrzej Seweryn, Marek Kondrat, Krzysztof Kolberger",,,,"Boguslaw  Linda, Daniel Olbrychski, Grazyna Szapolowska, Andrzej Seweryn, Marek Kondrat, Krzysztof Kolberger",catalogue,production,,https://filmsdulosange.com/wp-content/uploads/sites/2/2019/02/poster-0-pan-tadeusz.jpg,,,,,pan-tadeusz.html
A Mort la Mort,Romain Goupil,"Romain Goupil, Marianne Denicourt, Brigitte Catillon, Alain Cyroulnik, Anne Alvaro, Dominique Frot",,,,,catalogue,production,,https://filmsdulosange.com/wp-content/uploads/sites/2/2019/02/poster-0-a-mort-la-mort.jpg,,,,,a-mort-la-mort.html
Conte d’Automne,Eric Rohmer,"Béatrice Romand, Marie Rivière, Alain Libolt, Didier Sandre",,,,,catalogue,production,,https://filmsdulosange.com/wp-content/uploads/sites/2/2019/02/poster-0-conte-dautomne.jpg,,,,,conte-dautomne.html
Lautrec,Roger Planchon,"Régis Royer, Elsa Zylberstein, Anémone, Claude Rich",,,,,catalogue,production,,https://filmsdulosange.com/wp-content/uploads/sites/2/2006/06/poster-0-lautrec.jpg,,,,,lautrec.html
Le Bel Eté 1914,Chalonge Le Bel,"Claude Rich, Maria Pacôme, Hippolyte Girardot, Judith Henry, Marianne Denicourt, Philippe Torreton",,,,,catalogue,production,,https://filmsdulosange.com/wp-content/uploads/sites/2/2006/06/poster-0-le-bel-ete-1914.jpg,,,,,le-bel-ete-1914.html
Conte d’Eté,Eric Rohmer,"Melvil Poupaud, Amanda Langlet, Aurélia Nolin, Gwenaëlle Simon",,,,"Melvil Poupaud, Amanda Langlet, Aurélia Nolin, Gwenaëlle Simon,",catalogue,production,,https://filmsdulosange.com/wp-content/uploads/sites/2/2006/06/poster-0-conte-dete.jpg,,,,,conte-dete.html
Lettre pour L…,Romain Goupil,"Franssou Prenant, Romain Goupil, Régine Provvedi, Anita Mancic, Alenka Mandic, Lita Recio",,,,,catalogue,production,,https://filmsdulosange.com/wp-content/uploads/sites/2/2019/02/poster-0-lettre-pour-l.jpg,,,,,lettre-pour-l.html
"Louis, Enfant Roi",Roger Planchon,"Carmen Maura, Maxime Mansion, Paolo Graziosi, Jocelyn Quivrin, Hervé Briaux, Brigitte Catillon",,,,,catalogue,production,,https://filmsdulosange.com/wp-content/uploads/sites/2/2006/06/poster-0-louis-enfant-roi.jpg,,,,,louis-enfant-roi.html
La Règle Du Je,Françoise Etchegaray,"Marie Matheron, Anthony Higgins, Stéphane Guillon, Hélène",,,,"Marie Matheron, Anthony Higgins, Stéphane Guillon, Hélène de Saint-Père,",catalogue,production,,https://filmsdulosange.com/wp-content/uploads/sites/2/2019/02/poster-0-la-regle-du-je.jpg,,,,,la-regle-du-je.html
Conte d’Hiver,Eric Rohmer,"Charlotte Very, Frédéric Van Den Driessche, Hervé Furic, Michel Voletti",,,,,catalogue,production,,https://filmsdulosange.com/wp-content/uploads/sites/2/1993/04/poster-0-conte-dhiver.jpg,,,,,conte-dhiver.html
Le Jour Des Rois,Marie-Claude Treilhou,"Danielle Darrieux, Paulette Dubost, Micheline Presle, Michel Galabru",,,,"Danielle Darrieux, Paulette Dubost, Micheline Presle, Michel Galabru,",catalogue,production,,https://filmsdulosange.com/wp-content/uploads/sites/2/2019/02/poster-0-le-jour-des-rois.jpg,,,,,le-jour-des-rois.html
"Europa, Europa",Agnieszka Holland,"Sally Perel, Julie Delpy, René Hofschneider, Piotr Kozlowski, Michèle Gleizer, Marco Hofschneider",,,,,catalogue,production,,https://filmsdulosange.com/wp-content/uploads/sites/2/2019/02/poster-0-europa-europa.jpg,,,,,europa-europa.html
Conte de Printemps,Eric Rohmer,"Anne Teyssèdre, Hugues Quester, Florence Darel, Eloïse Bennett, Sophie Robin",,,,,catalogue,production,,https://filmsdulosange.com/wp-content/uploads/sites/2/1993/04/poster-0-conte-de-printemps.jpg,,,,,conte-de-printemps.html
Noce Blanche,Jean-Claude Brisseau,"Vanessa Paradis, Bruno Cremer, Ludmila Mikael, François Negret, Véronique Silver, Jean Daste",,,,"Vanessa Paradis, Bruno Cremer, Ludmila Mikael, François Negret, Véronique Silver, Jean Daste et la particpation de la Classe Cinéma du Lycée Jean Monnet à Saint-Etienne et les élèves du Lycée Jean Bart à Dunkerque",catalogue,production,,https://filmsdulosange.com/wp-content/uploads/sites/2/1993/04/poster-0-noce-blanche.jpg,,,,,noce-blanche.html
De Bruit Et De Fureur,Jean-Claude Brisseau,"Vincent Gasperitsch, François Negret, Bruno Cremer, Fabienne Babe, Antoine Fontaine, Luc Ponette",,,,,catalogue,production,,https://filmsdulosange.com/wp-content/uploads/sites/2/1988/06/mea-bruit-fureur.jpg,,,,,de-bruit-et-de-fureur.html
Dandin,Roger Planchon,"Claude Brasseur, Zabou Breitman, Daniel Gelin, Nelly Borgeaud, Jean-Claude Adelin, Evelyne Buyle",,,,,catalogue,production,,https://filmsdulosange.com/wp-content/uploads/sites/2/1988/01/poster-0-dandin.jpg,,,,,dandin.html
La Mort D’empédocle,Marie Straub La,"Andreas Von Rauch, Vladimir Baratta, Martina Baratta, Ute Cremer, Howard Vernon, William Berger",,,,,catalogue,production,,https://filmsdulosange.com/wp-content/uploads/sites/2/2019/02/poster-0-la-mort-dempedocle.jpg,,,,,la-mort-dempedocle.html
L’ami De Mon Amie,Eric Rohmer,"Emmanuelle Chaulet, Sophie Renoir, Anne-Laure Meury, Eric Viellard",,,,"Emmanuelle Chaulet, Sophie Renoir, Anne-Laure Meury, Eric Viellard,",catalogue,production,,https://filmsdulosange.com/wp-content/uploads/sites/2/1993/04/poster-0-lami-de-mon-amie.jpg,,,,,lami-de-mon-amie.html
Quatre Aventures De Reinette Et Mirabelle,Eric Rohmer,"Joëlle Miquel, Jessica Forde, François-Marie Banier, Marie Rivière, Jean-Claude Brisseau, Fabrice Luchini",,,,,catalogue,production,,https://filmsdulosange.com/wp-content/uploads/sites/2/2019/02/poster-0-quatre-aventures-de-reinette-et-mirabelle.jpg,,,,,quatre-aventures-de-reinette-et-mirabelle.html
Le Rayon Vert,Eric Rohmer,"Marie Rivière, Béatrice Romand, Carita, Rosette",,,,,catalogue,production,,https://filmsdulosange.com/wp-content/uploads/sites/2/1993/04/poster-0-le-rayon-vert.jpg,,,,,le-rayon-vert.html
Les Nuits De La Pleine Lune,Eric Rohmer,"Tcheky Karyo, Pascale Ogier, Fabrice Luchini, Virginie Thevenet",,,,,catalogue,production,,https://filmsdulosange.com/wp-content/uploads/sites/2/1993/04/poster-0-les-nuits-de-la-pleine-lune.jpg,,,,,les-nuits-de-la-pleine-lune.html
Mauvaise Conduite,Nestor Almendros,"Reinalda Arenas, Susan Sontag, Heberto Padilla, Guillermo Gabrera Infante",,,,"Reinalda Arenas, Susan Sontag, Heberto Padilla, Guillermo Gabrera Infante,",catalogue,production,,https://filmsdulosange.com/wp-content/uploads/sites/2/1993/04/poster-0-mauvaise-conduite.jpg,,,,,mauvaise-conduite.html
Tricheurs,Barbet Schroeder,"Jacques Dutronc, Bulle Ogier, Kurt Raab, Virgilio Teixeira, Steve Baes, Roger Sabib",,,,,catalogue,production,,https://filmsdulosange.com/wp-content/uploads/sites/2/1993/04/poster-0-tricheurs.jpg,,,,,tricheurs.html
Liberty Belle,Pascal Kané,"Jérôme Zucca, Dominique Laffin, André Dussollier, Philippe Caroit, Jean-Pierre Kalfon",,,,"Jérôme Zucca, Dominique Laffin, André Dussollier, Philippe Caroit, Jean-Pierre Kalfon,",catalogue,production,,https://filmsdulosange.com/wp-content/uploads/sites/2/1993/04/poster-0-liberty-belle.jpg,,,,,liberty-belle.html
Un Jeu Brutal,Jean-Claude Brisseau,"Bruno Cremer, Emmanuelle Debever, Liza Hérédia, Albert Pigot, Jean Douchet, Humbert Balsan",,,,"Bruno Cremer, Emmanuelle Debever, Liza Hérédia, Albert Pigot, Jean Douchet,  Humbert Balsan",catalogue,production,,https://filmsdulosange.com/wp-content/uploads/sites/2/2019/02/poster-0-un-jeu-brutal.jpg,,,,,un-jeu-brutal.html
Pauline à La Plage,Eric Rohmer,"Amanda Langlet, Arielle Dombasle, Pascal Greggory, Feodor Atkine",,,,,catalogue,production,,https://filmsdulosange.com/wp-content/uploads/sites/2/2019/02/poster-0-pauline-a-la-plage.jpg,,,,,pauline-a-la-plage.html
Le Beau Mariage,Eric Rohmer,"Béatrice Romand, André Dussollier, Arielle Dombasle, Pascal Greggory",,,,,catalogue,production,,https://filmsdulosange.com/wp-content/uploads/sites/2/1993/04/poster-0-le-beau-mariage.jpg,,,,,le-beau-mariage.html
Lettres D’amour En Somalie,Frédéric Mitterrand,,,,,,catalogue,production,,https://filmsdulosange.com/wp-content/uploads/sites/2/2019/02/poster-0-lettres-damour-en-somalie.jpg,,,,,lettres-damour-en-somalie.html
Le Pont Du Nord,Jacques Rivette,"Bulle Ogier, Pascale Ogier, Pierre Clementi, Jean-François Stevenin",,,,"Bulle Ogier, Pascale Ogier, Pierre Clementi, Jean-François Stevenin,",catalogue,production,,https://filmsdulosange.com/wp-content/uploads/sites/2/1993/04/poster-0-le-pont-du-nord.jpg,,,,,le-pont-du-nord.html
Dans la Forêt de Katyn,Marcel Lozinski,,,,,,catalogue,production,,https://filmsdulosange.com/wp-content/uploads/sites/2/2019/02/poster-0-dans-la-foret-de-katyn.jpg,,,,,dans-la-foret-de-katyn.html
Bukowski,Barbet Schroeder,"Charles Bukowski, Linda Bukows, Pam Miller, Sean Penn",,4,,"Charles Bukowski, Linda Bukows, Pam Miller, Sean Penn,",catalogue,production,,https://filmsdulosange.com/wp-content/uploads/sites/2/2019/02/poster-0-bukowski.jpg,,,,,bukowski.html
La Femme De L’aviateur,Eric Rohmer,"Marie Rivière, Philippe Marlaud, Anne-Laure Meury, Mathieu Carrière",,,,,catalogue,production,,https://filmsdulosange.com/wp-content/uploads/sites/2/1993/04/poster-0-la-femme-de-laviateur.jpg,,,,,la-femme-de-laviateur.html
Navire Night,Marguerite Duras,"Bulle Ogier, Dominique Sanda, Mathieu Carrière",,,,"Bulle Ogier, Dominique Sanda, Mathieu Carrière,",catalogue,production,,https://filmsdulosange.com/wp-content/uploads/sites/2/1993/04/poster-0-navire-night.jpg,,,,,navire-night.html
Perceval Le Gallois,Eric Rohmer,"Fabrice Luchini, André Dussollier, Arielle Dombasle, Clémentine Amouroux",,,,,catalogue,production,,https://filmsdulosange.com/wp-content/uploads/sites/2/1993/04/poster-0-perceval-le-gallois.jpg,,,,,perceval-le-gallois.html
Koko Le Gorille Qui Parle,Barbet Schroeder,"Koko, Penny Paterson, Carl Pribam, Saul Kitchener, Roger Fouts",,,,"Koko, Penny Paterson, Carl Pribam, Saul Kitchener, Roger Fouts,",catalogue,production,,https://filmsdulosange.com/wp-content/uploads/sites/2/2019/02/poster-0-koko-le-gorille-qui-parle.jpg,,,,,koko-le-gorille-qui-parle.html
Une Sale Histoire (documentaire),Jean Eustache,"Elisabeth Lanchener, Françoise Lebrun, Virginie Thevenet",,22,,"Elisabeth Lanchener, Françoise Lebrun, Virginie Thevenet,",catalogue,production,,https://filmsdulosange.com/wp-content/uploads/sites/2/2019/02/poster-0-une-sale-histoire-documentaire.jpg,,,,,une-sale-histoire-documentaire.html
Une Sale Histoire (fiction),Jean Eustache,"Michael Lonsdale, Douchka, Laura Fanning, Josée Yann, Jacques Bruloux, Jean Douchet",,28,,,catalogue,production,,https://filmsdulosange.com/wp-content/uploads/sites/2/2019/02/poster-0-une-sale-histoire-fiction.jpg,,,,,une-sale-histoire-fiction.html
La Marquise D’o,Eric Rohmer,"Edith Clever, Bruno Ganz, Peter Lürh, Edda Seippel",,,,"Edith Clever, Bruno Ganz, Peter Lürh, Edda Seippel,",catalogue,production,,https://filmsdulosange.com/wp-content/uploads/sites/2/1993/04/poster-0-la-marquise-do.jpg,,,,,la-marquise-do.html
Maîtresse,Barbet Schroeder,"Gérard Depardieu, Bulle Ogier, André Rouyer, Nathalie Keryan, Roland Bertin, Tony Taffin",,,,,catalogue,production,,https://filmsdulosange.com/wp-content/uploads/sites/2/1993/04/poster-0-maitresse.jpg,,,,,maitresse.html
Céline et Julie vont en Bateau,Jacques Rivette,"Juliet Berto, Dominique Labourier, Bulle Ogier, Marie-France Pisier, Barbet Shroeder, Philippe Clevenot, Jean Douchet",,,,,catalogue,production,,https://filmsdulosange.com/wp-content/uploads/sites/2/1993/04/poster-0-celine-et-julie-vont-en-bateau.jpg,,,,,celine-et-julie-vont-en-bateau.html
Général Idi Amin Dada,Barbet Schroeder,,,,,"Idi Amin Dada,",catalogue,production,,https://filmsdulosange.com/wp-content/uploads/sites/2/1993/04/poster-0-general-idi-amin-dada.jpg,,,,,general-idi-amin-dada.html
L’amour L’après-midi,Eric Rohmer,"Bernard Verley, Zouzou, Françoise Verley, Daniel Ceccaldi",,,,,catalogue,production,,https://filmsdulosange.com/wp-content/uploads/sites/2/1993/04/poster-0-lamour-lapres-midi.jpg,,,,,lamour-lapres-midi.html
La Vallée,Barbet Schroeder,"Jean-Pierre Kalfon, Bulle Ogier, Michael Gothard, Valérie Lagrange, Jérôme Beauvarlet, Monique Giraudy",,,,,catalogue,production,,https://filmsdulosange.com/wp-content/uploads/sites/2/1993/04/poster-0-la-vallee.jpg,,,,,la-vallee.html
Le Genou De Claire,Eric Rohmer,"Jean-Claude Brialy, Aurora Cornu, Béatrice Romand, Laurence, Fabrice Luchini",,,,"Jean-Claude Brialy, Aurora Cornu, Béatrice Romand, Laurence de Monaghan, Fabrice Luchini",catalogue,production,,https://filmsdulosange.com/wp-content/uploads/sites/2/1993/04/poster-0-le-genou-de-claire.jpg,,,,,le-genou-de-claire.html
More,Barbet Schroeder,"Mimsy Farmer, Klaus Grunberg, Heinz Engelman, Michel Chanderli, Louise Wink, Georges Montant",,,,,catalogue,production,,https://filmsdulosange.com/wp-content/uploads/sites/2/1993/04/poster-0-more.jpg,,,,,more.html
Ma Nuit Chez Maud,Eric Rohmer,"Jean-Louis Trintignant, Françoise Fabian, Marie-Christine Barrault, Antoine Vitez",,,,,catalogue,production,,https://filmsdulosange.com/wp-content/uploads/sites/2/1993/04/poster-0-ma-nuit-chez-maud.jpg,,,,,ma-nuit-chez-maud.html
La Fermière De Montfaucon,Eric Rohmer,,,13,,,catalogue,production,,https://filmsdulosange.com/wp-content/uploads/sites/2/1993/04/poster-0-la-fermiere-de-montfaucon.jpg,,,,,la-fermiere-de-montfaucon.html
La Collectionneuse,Eric Rohmer,"Haydée Politoff, Patrick Bauchau, Daniel Pommereulle, Seymour Hertzberg",,,,,catalogue,production,,https://filmsdulosange.com/wp-content/uploads/sites/2/1993/04/poster-0-la-collectionneuse.jpg,,,,,la-collectionneuse.html
Paris Vu Par…,Claude Chabrol,"Stéphane Audran, Barbara Wilkind, Johanna Shimkusk, Micheline Dax, Jean-Michel Rouzière, Nadine Ballot",,,,,catalogue,production,,https://filmsdulosange.com/wp-content/uploads/sites/2/1993/04/poster-0-paris-vu-par.jpg,,,,,paris-vu-par.html
La Boulangère De Monceau,Eric Rohmer,"Barbet Shroeder, Fred Junk, Michèle Girardon, Bertrand Tavernier",,26,,,catalogue,production,,https://filmsdulosange.com/wp-content/uploads/sites/2/1993/04/poster-0-la-boulangere-de-monceau.jpg,,,,,la-boulangere-de-monceau.html
La Carrière De Suzanne,Eric Rohmer,"Philippe Beuze, Jean-Claude Biette, Patrick Bauchau, Diane Wilkinson",,52,,,catalogue,production,,https://filmsdulosange.com/wp-content/uploads/sites/2/2019/02/poster-0-la-carriere-de-suzanne-773x1030.jpg,,,,,la-carriere-de-suzanne.html
Le Signe Du Lion,Eric Rohmer,"Jess Hahn, Van Doude, Michèle Girardon, Jean Le Poulain",,,,,catalogue,production,,https://filmsdulosange.com/wp-content/uploads/sites/2/1993/04/poster-0-le-signe-du-lion.jpg,,,,,le-signe-du-lion.html
Véronique Et Son Cancre,Eric Rohmer,"Nicole Berger, Stella Dassas, Alain Delrieu",,20,,"Nicole Berger, Stella Dassas, Alain Delrieu,",catalogue,production,,https://filmsdulosange.com/wp-content/uploads/sites/2/2019/02/poster-0-veronique-et-son-cancre.jpg,,,,,veronique-et-son-cancre.html
Nina et le secret du Hérisson,Alain Gagnol,"Audrey Tautou, Guillaume Canet",,,,,catalogue,ventes internationales,,https://filmsdulosange.com/wp-content/uploads/sites/2/2023/01/Sans-titre-2.jpg,,,,,nina-et-le-secret-du-herisson.html
A Short story,BI GAN,,,,,"TAN Zhuo, CHENG Yongzhong",catalogue,ventes internationales,,https://filmsdulosange.com/wp-content/uploads/sites/2/2022/05/mea-tourment.jpg,,,,,a-short-story.html
Fabian,Dominik Graf,"Tom Schilling, Albrecht Schuch, Saskia Rosendahl",,,,,catalogue,ventes internationales,,https://filmsdulosange.com/wp-content/uploads/sites/2/2021/02/mae-poster.jpg,,,,,fabian.html
LA RIVIERE,Ghassan Salhab,,,,,Ali Suliman – Yumna Marwan,catalogue,ventes internationales,,https://filmsdulosange.com/wp-content/uploads/sites/2/2019/06/MAE-Site.jpg,,,,,la-riviere.html
GARÇON CHIFFON,Nicolas Maury,"Nicolas Maury, Nathalie Baye, Arnaud Valois, Théo Christine, Laure Calamy",,,,,catalogue,ventes internationales,,https://filmsdulosange.com/wp-content/uploads/sites/2/2020/02/mea-garconchiffon.jpg,,,,,garcon-chiffon.html
MERVEILLES A MONTFERMEIL,Jeanne Balibar,"Jeanne, Ramzy, Emmanuelle, Mathieu, Bulle, Florence, Philippe, Valérie, Anthony",,,,"Jeanne BALIBAR, Ramzy BEDIA, Emmanuelle BEART, Mathieu AMALRIC, Bulle OGIER, Florence LOIRET-CAILLE, Philippe KATERINE, Valérie DREVILLE, Anthony BAJON",catalogue,ventes internationales,,https://filmsdulosange.com/wp-content/uploads/sites/2/2019/11/merveillesamontfermeil_small.jpg,,,,,merveilles-a-montfermeil.html
SUZANNA ANDLER,Benoît Jacquot,"Charlotte Gainsbourg, Niels Schneider",,,,,catalogue,ventes internationales,,https://filmsdulosange.com/wp-content/uploads/sites/2/2020/01/SA-mea.jpg,,,,,suzanna-andler.html
LOLA VERS LA MER,Laurent Micheli,"Benoit, Mya",,,,"Benoit MAGIMEL, Mya BOLLAERS",catalogue,ventes internationales,,https://filmsdulosange.com/wp-content/uploads/sites/2/2019/08/lolaverslamer-affiche.jpg,,,,,lola-vers-la-mer.html
L’AUDITION,Ina Weisse,"Nina, Simon, Jens, Serafin, Ilja",,,,"Nina HOSS, Simon ABKARIAN, Jens ALBINUS, Serafin MISHIEV, Ilja MONTI",catalogue,ventes internationales,,https://filmsdulosange.com/wp-content/uploads/sites/2/2019/08/LAudition-vf1.jpg,,,,,laudition.html
HAUT LES FILLES,François Armanet,"Jeanne Added, Jehnny Beth, Lou Doillon, Brigitte Fontaine, Charlotte Gainsbourg, Françoise Hardy, Imany, Camélia Jordana, Elli Medeiros, Vanessa Paradis",,,,,catalogue,ventes internationales,,https://filmsdulosange.com/wp-content/uploads/sites/2/2019/05/HAUT-LES-FILLES-affiche-France-e1571824212576.jpg,,,,,haut-les-filles.html
VIF-ARGENT,Stéphane Batut,"Thimothée Robart, Judith Chemla, Djolof Mbengue, Saadia Bentaïeb",,,,,catalogue,ventes internationales,,https://filmsdulosange.com/wp-content/uploads/sites/2/2019/08/Vif-argent-visu.jpg,,,,,vif-argent.html
LES PARTICULES,Blaise Harrison,"Thomas, Salvatore, Léo, Nicolas, Néa, Emma",,,,"Thomas DALOZ,
Salvatore FERRO,
Léo COUILFORT,
Nicolas MARCANT,
Néa LÜDERS,
Emma JOSSERAND",catalogue,ventes internationales,,https://filmsdulosange.com/wp-content/uploads/sites/2/2019/01/visuel-Les-particules-758x1030.jpg,,,,,les-particules.html
HELLHOLE,Bas Devos,"Alba, Willy, Hamza, Lubna",,,,"Alba ROHRWACHER, Willy THOMAS, Hamza BELARBI, Lubna AZABAL",catalogue,ventes internationales,,https://filmsdulosange.com/wp-content/uploads/sites/2/2019/02/poster-0-hellhole1.jpg,,,,,hellhole.html
MES PROVINCIALES,Jean Paul Civeyrac,"Andranic Manet, Corentin Fila, Gonzague Van Bervesselès, Diane Rouxel, Jenna Thiam, Sophie Verbeeck, Charlotte Van Bervesselès",,,,,catalogue,ventes internationales,,https://filmsdulosange.com/wp-content/uploads/sites/2/2018/02/poster-0-mes-provinciales.jpg,,,,,mes-provinciales.html
Ouvrir la voix,Amandine Gay,"Aiss Berg, Amelia Ewu, Eleonore, Fania Noel, Fanny Aka Thisiskiyemis, Laura Aka Mrsroots, Maboula Soumahoro, Many Chroniques, Marie Leda, Marie Julie Chalu, Merci Michel, Nass, Ndella Paye, Ornella Aka Loulou, Po, Rachel Khan, Rebecca Chaillon, Sabine Pakora, Sandra, Sandra Sainte Rose Fanchine, Sharone, Taina, Thara, Zina",,,,"Aiss Berg, Amelia Ewu, Eleonore, Fania Noel, Fanny Aka Thisiskiyemis, Laura Aka Mrsroots, Maboula Soumahoro, Many Chroniques, Marie Leda, Marie Julie Chalu, Merci Michel, Nass, Ndella Paye, Ornella Aka Loulou, Po B.K Lomani, Rachel Khan, Rebecca Chaillon, Sabine Pakora, Sandra, Sandra Sainte Rose Fanchine, Sharone, Taina, Thara, Zina",catalogue,ventes internationales,,https://filmsdulosange.com/wp-content/uploads/sites/2/2022/03/mea-WB.jpg,,,,,ouvrir-la-voix.html
MAKALA,Emmanuel Gras,"Kabwita Kasongo, Lydie Kasongo",,,,,catalogue,ventes internationales,,https://filmsdulosange.com/wp-content/uploads/sites/2/2017/12/poster-0-makala.jpg,,,,,makala.html
DJAM,Tony GATLIF,"Daphné, Maryne, Simon",,,,"Daphné PATAKIA, Maryne CAYON, Simon ABKARIAN",catalogue,ventes internationales,,https://filmsdulosange.com/wp-content/uploads/sites/2/2017/05/poster-0-djam.jpg,,,,,djam.html
"A mon âge, je me cache encore pour fumer",Rayhana Play,,,,,"HIAM ABBASS, FADILA BELKEBLA, NADIA KACI, NASSIMA BENCHICOU, SARAH LAYSSAC, MAYMOUNA, LINA SOUALEM, 
FAROUDJA AMAZIT et avec la participation de BIYOUNA dans le rôle de Aïcha",catalogue,ventes internationales,,https://filmsdulosange.com/wp-content/uploads/sites/2/2017/04/poster-0-a-mon-age-je-me-cache-encore-pour-fumer.jpg,,,,,a-mon-age-je-me-cache-encore-pour-fumer.html
L’OPÉRA,Stéphane Bron Play,,,,,,catalogue,ventes internationales,,https://filmsdulosange.com/wp-content/uploads/sites/2/2017/04/poster-0-lopera.jpg,,,,,lopera.html
DIAMOND ISLAND,Davy Chou,,,,,"NUON Sobon
NOV Cheanick
CHHEM Madeza
KORN Mean
NUT Samnang
MENG Sophyna
MIN Jany 
KHIM Samnang
OUN Batham 
HANG Sreyleap
DOM Sreyroth",catalogue,ventes internationales,,https://filmsdulosange.com/wp-content/uploads/sites/2/2016/12/poster-0-diamond-island.jpg,,,,,diamond-island.html
OLLI MÄKI,Juho Kuosmanen,"Jarkko Lahti, Oona Airola, Eero Milonoff",,,,"Jarkko Lahti (Olli), Oona Airola (Raija), Eero Milonoff (Elis Ask)",catalogue,ventes internationales,,https://filmsdulosange.com/wp-content/uploads/sites/2/2016/10/poster-0-olli-maki.jpg,,,,,olli-mki.html
